file_name;key_repr
xortool_out/000.out;*@=Pe\n\\2I![4KH9vwKl2>$%Ia)y.uF9, S*87a$~\x12KxWt?UuH;\xac\'<"_2;*Kg
xortool_out/001.out;*@=Pe\n\\2I![4KH9vwKl2>$%Ia)y.uF9, S*87a$~\x12KxWt?Uu\';\xac\'<"_2;*Kg
xortool_out/002.out;*@=Pe\n\\2I![4KH9vwK)2>$%Ia)y.uF9, S*87a$~\x12KxWt?UuH;\xac\'<"_2;*Kg
xortool_out/003.out;*@=Pe\n\\2I![4KH9vwK)2>$%Ia)y.uF9, S*87a$~\x12KxWt?Uu\';\xac\'<"_2;*Kg
xortool_out/004.out;+A<Qd\x0b]3H Z5JI8wvJm3?%$H`(x\x2ftG8-!R+96`%\x7f\x13JyVu>TtI:\xad&=#^3:+Jf
xortool_out/005.out;+A<Qd\x0b]3H Z5JI8wvJm3?%$H`(x\x2ftG8-!R+96`%\x7f\x13JyVu>Tt&:\xad&=#^3:+Jf
xortool_out/006.out;+A<Qd\x0b]3H Z5JI8wvJ(3?%$H`(x\x2ftG8-!R+96`%\x7f\x13JyVu>TtI:\xad&=#^3:+Jf
xortool_out/007.out;+A<Qd\x0b]3H Z5JI8wvJ(3?%$H`(x\x2ftG8-!R+96`%\x7f\x13JyVu>Tt&:\xad&=#^3:+Jf
xortool_out/008.out;(B?Rg\x08^0K#Y6IJ;tuIn0<&\'Kc+{,wD;."Q(:5c&|\x10IzUv=WwJ9\xae%> ]09(Ie
xortool_out/009.out;(B?Rg\x08^0K#Y6IJ;tuIn0<&\'Kc+{,wD;."Q(:5c&|\x10IzUv=Ww%9\xae%> ]09(Ie
xortool_out/010.out;(B?Rg\x08^0K#Y6IJ;tuI+0<&\'Kc+{,wD;."Q(:5c&|\x10IzUv=WwJ9\xae%> ]09(Ie
xortool_out/011.out;(B?Rg\x08^0K#Y6IJ;tuI+0<&\'Kc+{,wD;."Q(:5c&|\x10IzUv=Ww%9\xae%> ]09(Ie
xortool_out/012.out;)C>Sf\t_1J"X7HK:utHo1=\'&Jb*z-vE:\x2f#P);4b\'}\x11H{Tw<VvK8\xaf$?!\\18)Hd
xortool_out/013.out;)C>Sf\t_1J"X7HK:utHo1=\'&Jb*z-vE:\x2f#P);4b\'}\x11H{Tw<Vv$8\xaf$?!\\18)Hd
xortool_out/014.out;)C>Sf\t_1J"X7HK:utH*1=\'&Jb*z-vE:\x2f#P);4b\'}\x11H{Tw<VvK8\xaf$?!\\18)Hd
xortool_out/015.out;)C>Sf\t_1J"X7HK:utH*1=\'&Jb*z-vE:\x2f#P);4b\'}\x11H{Tw<Vv$8\xaf$?!\\18)Hd
xortool_out/016.out;.D9Ta\x0eX6M%_0OL=rsOh6: !Me-}*qB=($W.<3e z\x16O|Sp;QqL?\xa8#8&[6?.Oc
xortool_out/017.out;.D9Ta\x0eX6M%_0OL=rsOh6: !Me-}*qB=($W.<3e z\x16O|Sp;Qq#?\xa8#8&[6?.Oc
xortool_out/018.out;.D9Ta\x0eX6M%_0OL=rsO-6: !Me-}*qB=($W.<3e z\x16O|Sp;QqL?\xa8#8&[6?.Oc
xortool_out/019.out;.D9Ta\x0eX6M%_0OL=rsO-6: !Me-}*qB=($W.<3e z\x16O|Sp;Qq#?\xa8#8&[6?.Oc
xortool_out/020.out;\x2fE8U`\x0fY7L$^1NM<srNi7;! Ld,|+pC<)%V\x2f=2d!{\x17N}Rq:PpM>\xa9"9\'Z7>\x2fNb
xortool_out/021.out;\x2fE8U`\x0fY7L$^1NM<srNi7;! Ld,|+pC<)%V\x2f=2d!{\x17N}Rq:Pp">\xa9"9\'Z7>\x2fNb
xortool_out/022.out;\x2fE8U`\x0fY7L$^1NM<srN,7;! Ld,|+pC<)%V\x2f=2d!{\x17N}Rq:PpM>\xa9"9\'Z7>\x2fNb
xortool_out/023.out;\x2fE8U`\x0fY7L$^1NM<srN,7;! Ld,|+pC<)%V\x2f=2d!{\x17N}Rq:Pp">\xa9"9\'Z7>\x2fNb
xortool_out/024.out;,F;Vc\x0cZ4O\']2MN?pqMj48"#Og\x2f\x7f(s@?*&U,>1g"x\x14M~Qr9SsN=\xaa!:$Y4=,Ma
xortool_out/025.out;,F;Vc\x0cZ4O\']2MN?pqMj48"#Og\x2f\x7f(s@?*&U,>1g"x\x14M~Qr9Ss!=\xaa!:$Y4=,Ma
xortool_out/026.out;,F;Vc\x0cZ4O\']2MN?pqM\x2f48"#Og\x2f\x7f(s@?*&U,>1g"x\x14M~Qr9SsN=\xaa!:$Y4=,Ma
xortool_out/027.out;,F;Vc\x0cZ4O\']2MN?pqM\x2f48"#Og\x2f\x7f(s@?*&U,>1g"x\x14M~Qr9Ss!=\xaa!:$Y4=,Ma
xortool_out/028.out;-G:Wb\r[5N&\\3LO>qpLk59#"Nf.~)rA>+\'T-?0f#y\x15L\x7fPs8RrO<\xab ;%X5<-L`
xortool_out/029.out;-G:Wb\r[5N&\\3LO>qpLk59#"Nf.~)rA>+\'T-?0f#y\x15L\x7fPs8Rr <\xab ;%X5<-L`
xortool_out/030.out;-G:Wb\r[5N&\\3LO>qpL.59#"Nf.~)rA>+\'T-?0f#y\x15L\x7fPs8RrO<\xab ;%X5<-L`
xortool_out/031.out;-G:Wb\r[5N&\\3LO>qpL.59#"Nf.~)rA>+\'T-?0f#y\x15L\x7fPs8Rr <\xab ;%X5<-L`
xortool_out/032.out;"H5Xm\x02T:A)S<C@1~\x7fCd:6,-Ai!q&}N1$(["0?i,v\x1aCp_|7]}@3\xa4\x2f4*W:3"Co
xortool_out/033.out;"H5Xm\x02T:A)S<C@1~\x7fCd:6,-Ai!q&}N1$(["0?i,v\x1aCp_|7]}\x2f3\xa4\x2f4*W:3"Co
xortool_out/034.out;"H5Xm\x02T:A)S<C@1~\x7fC!:6,-Ai!q&}N1$(["0?i,v\x1aCp_|7]}@3\xa4\x2f4*W:3"Co
xortool_out/035.out;"H5Xm\x02T:A)S<C@1~\x7fC!:6,-Ai!q&}N1$(["0?i,v\x1aCp_|7]}\x2f3\xa4\x2f4*W:3"Co
xortool_out/036.out;#I4Yl\x03U;@(R=BA0\x7f~Be;7-,@h p'|O0%)Z#1>h-w\x1bBq^}6\\|A2\xa5.5+V;2#Bn
xortool_out/037.out;#I4Yl\x03U;@(R=BA0\x7f~Be;7-,@h p'|O0%)Z#1>h-w\x1bBq^}6\\|.2\xa5.5+V;2#Bn
xortool_out/038.out;#I4Yl\x03U;@(R=BA0\x7f~B ;7-,@h p'|O0%)Z#1>h-w\x1bBq^}6\\|A2\xa5.5+V;2#Bn
xortool_out/039.out;#I4Yl\x03U;@(R=BA0\x7f~B ;7-,@h p'|O0%)Z#1>h-w\x1bBq^}6\\|.2\xa5.5+V;2#Bn
xortool_out/040.out;{\x11l\x014[\rc\x18p\ne\x1a\x19h'&\x1a=cout\x180x(\x7f$\x17h}q\x02{if0u\x2fC\x1a)\x06%n\x04$\x19j\xfdvms\x0ecj{\x1a6
xortool_out/041.out;{\x11l\x014[\rc\x18p\ne\x1a\x19h'&\x1a=cout\x180x(\x7f$\x17h}q\x02{if0u\x2fC\x1a)\x06%n\x04$vj\xfdvms\x0ecj{\x1a6
xortool_out/042.out;{\x11l\x014[\rc\x18p\ne\x1a\x19h'&\x1axcout\x180x(\x7f$\x17h}q\x02{if0u\x2fC\x1a)\x06%n\x04$\x19j\xfdvms\x0ecj{\x1a6
xortool_out/043.out;{\x11l\x014[\rc\x18p\ne\x1a\x19h'&\x1axcout\x180x(\x7f$\x17h}q\x02{if0u\x2fC\x1a)\x06%n\x04$vj\xfdvms\x0ecj{\x1a6
xortool_out/044.out;x\x12o\x027X\x0e`\x1bs\tf\x19\x1ak$%\x19>`lvw\x1b3{+|'\x14k~r\x01xje3v,@\x19*\x05&m\x07'\x1ai\xfeunp\r`ix\x195
xortool_out/045.out;x\x12o\x027X\x0e`\x1bs\tf\x19\x1ak$%\x19>`lvw\x1b3{+|'\x14k~r\x01xje3v,@\x19*\x05&m\x07'ui\xfeunp\r`ix\x195
xortool_out/046.out;x\x12o\x027X\x0e`\x1bs\tf\x19\x1ak$%\x19{`lvw\x1b3{+|'\x14k~r\x01xje3v,@\x19*\x05&m\x07'\x1ai\xfeunp\r`ix\x195
xortool_out/047.out;x\x12o\x027X\x0e`\x1bs\tf\x19\x1ak$%\x19{`lvw\x1b3{+|'\x14k~r\x01xje3v,@\x19*\x05&m\x07'ui\xfeunp\r`ix\x195
xortool_out/048.out;y\x13n\x036Y\x0fa\x1ar\x08g\x18\x1bj%$\x18?amwv\x1a2z*}&\x15j\x7fs\x00ykd2w-A\x18+\x04'l\x06&\x1bh\xfftoq\x0cahy\x184
xortool_out/049.out;y\x13n\x036Y\x0fa\x1ar\x08g\x18\x1bj%$\x18?amwv\x1a2z*}&\x15j\x7fs\x00ykd2w-A\x18+\x04'l\x06&th\xfftoq\x0cahy\x184
xortool_out/050.out;y\x13n\x036Y\x0fa\x1ar\x08g\x18\x1bj%$\x18zamwv\x1a2z*}&\x15j\x7fs\x00ykd2w-A\x18+\x04'l\x06&\x1bh\xfftoq\x0cahy\x184
xortool_out/051.out;y\x13n\x036Y\x0fa\x1ar\x08g\x18\x1bj%$\x18zamwv\x1a2z*}&\x15j\x7fs\x00ykd2w-A\x18+\x04'l\x06&th\xfftoq\x0cahy\x184
xortool_out/052.out;~\x14i\x041^\x08f\x1du\x0f`\x1f\x1cm"#\x1f8fjpq\x1d5}-z!\x12mxt\x07~lc5p*F\x1f,\x03 k\x01!\x1co\xf8shv\x0bfo~\x1f3
xortool_out/053.out;~\x14i\x041^\x08f\x1du\x0f`\x1f\x1cm"#\x1f8fjpq\x1d5}-z!\x12mxt\x07~lc5p*F\x1f,\x03 k\x01!so\xf8shv\x0bfo~\x1f3
xortool_out/054.out;~\x14i\x041^\x08f\x1du\x0f`\x1f\x1cm"#\x1f}fjpq\x1d5}-z!\x12mxt\x07~lc5p*F\x1f,\x03 k\x01!\x1co\xf8shv\x0bfo~\x1f3
xortool_out/055.out;~\x14i\x041^\x08f\x1du\x0f`\x1f\x1cm"#\x1f}fjpq\x1d5}-z!\x12mxt\x07~lc5p*F\x1f,\x03 k\x01!so\xf8shv\x0bfo~\x1f3
xortool_out/056.out;\x7f\x15h\x050_\tg\x1ct\x0ea\x1e\x1dl#"\x1e9gkqp\x1c4|,{ \x13lyu\x06\x7fmb4q+G\x1e-\x02!j\x00 \x1dn\xf9riw\ngn\x7f\x1e2
xortool_out/057.out;\x7f\x15h\x050_\tg\x1ct\x0ea\x1e\x1dl#"\x1e9gkqp\x1c4|,{ \x13lyu\x06\x7fmb4q+G\x1e-\x02!j\x00 rn\xf9riw\ngn\x7f\x1e2
xortool_out/058.out;\x7f\x15h\x050_\tg\x1ct\x0ea\x1e\x1dl#"\x1e|gkqp\x1c4|,{ \x13lyu\x06\x7fmb4q+G\x1e-\x02!j\x00 \x1dn\xf9riw\ngn\x7f\x1e2
xortool_out/059.out;\x7f\x15h\x050_\tg\x1ct\x0ea\x1e\x1dl#"\x1e|gkqp\x1c4|,{ \x13lyu\x06\x7fmb4q+G\x1e-\x02!j\x00 rn\xf9riw\ngn\x7f\x1e2
xortool_out/060.out;|\x16k\x063\\\nd\x1fw\rb\x1d\x1eo !\x1d:dhrs\x1f7\x7f\x2fx#\x10ozv\x05|na7r(D\x1d.\x01"i\x03#\x1em\xfaqjt\tdm|\x1d1
xortool_out/061.out;|\x16k\x063\\\nd\x1fw\rb\x1d\x1eo !\x1d:dhrs\x1f7\x7f\x2fx#\x10ozv\x05|na7r(D\x1d.\x01"i\x03#qm\xfaqjt\tdm|\x1d1
xortool_out/062.out;|\x16k\x063\\\nd\x1fw\rb\x1d\x1eo !\x1d\x7fdhrs\x1f7\x7f\x2fx#\x10ozv\x05|na7r(D\x1d.\x01"i\x03#\x1em\xfaqjt\tdm|\x1d1
xortool_out/063.out;|\x16k\x063\\\nd\x1fw\rb\x1d\x1eo !\x1d\x7fdhrs\x1f7\x7f\x2fx#\x10ozv\x05|na7r(D\x1d.\x01"i\x03#qm\xfaqjt\tdm|\x1d1
xortool_out/064.out;}\x17j\x072]\x0be\x1ev\x0cc\x1c\x1fn! \x1c;eisr\x1e6~.y"\x11n{w\x04}o`6s)E\x1c\x2f\x00#h\x02"\x1fl\xfbpku\x08el}\x1c0
xortool_out/065.out;}\x17j\x072]\x0be\x1ev\x0cc\x1c\x1fn! \x1c;eisr\x1e6~.y"\x11n{w\x04}o`6s)E\x1c\x2f\x00#h\x02"pl\xfbpku\x08el}\x1c0
xortool_out/066.out;}\x17j\x072]\x0be\x1ev\x0cc\x1c\x1fn! \x1c~eisr\x1e6~.y"\x11n{w\x04}o`6s)E\x1c\x2f\x00#h\x02"\x1fl\xfbpku\x08el}\x1c0
xortool_out/067.out;}\x17j\x072]\x0be\x1ev\x0cc\x1c\x1fn! \x1c~eisr\x1e6~.y"\x11n{w\x04}o`6s)E\x1c\x2f\x00#h\x02"pl\xfbpku\x08el}\x1c0
xortool_out/068.out;r\x18e\x08=R\x04j\x11y\x03l\x13\x10a.\x2f\x134jf|}\x119q!v-\x1eatx\x0br`o9|&J\x13 \x0f,g\r-\x10c\xf4\x7fdz\x07jcr\x13?
xortool_out/069.out;r\x18e\x08=R\x04j\x11y\x03l\x13\x10a.\x2f\x134jf|}\x119q!v-\x1eatx\x0br`o9|&J\x13 \x0f,g\r-\x7fc\xf4\x7fdz\x07jcr\x13?
xortool_out/070.out;r\x18e\x08=R\x04j\x11y\x03l\x13\x10a.\x2f\x13qjf|}\x119q!v-\x1eatx\x0br`o9|&J\x13 \x0f,g\r-\x10c\xf4\x7fdz\x07jcr\x13?
xortool_out/071.out;r\x18e\x08=R\x04j\x11y\x03l\x13\x10a.\x2f\x13qjf|}\x119q!v-\x1eatx\x0br`o9|&J\x13 \x0f,g\r-\x7fc\xf4\x7fdz\x07jcr\x13?
xortool_out/072.out;s\x19d\t<S\x05k\x10x\x02m\x12\x11`\x2f.\x125kg}|\x108p w,\x1f`uy\nsan8}'K\x12!\x0e-f\x0c,\x11b\xf5~e{\x06kbs\x12>
xortool_out/073.out;s\x19d\t<S\x05k\x10x\x02m\x12\x11`\x2f.\x125kg}|\x108p w,\x1f`uy\nsan8}'K\x12!\x0e-f\x0c,~b\xf5~e{\x06kbs\x12>
xortool_out/074.out;s\x19d\t<S\x05k\x10x\x02m\x12\x11`\x2f.\x12pkg}|\x108p w,\x1f`uy\nsan8}'K\x12!\x0e-f\x0c,\x11b\xf5~e{\x06kbs\x12>
xortool_out/075.out;s\x19d\t<S\x05k\x10x\x02m\x12\x11`\x2f.\x12pkg}|\x108p w,\x1f`uy\nsan8}'K\x12!\x0e-f\x0c,~b\xf5~e{\x06kbs\x12>
xortool_out/076.out;p\x1ag\n?P\x06h\x13{\x01n\x11\x12c,-\x116hd~\x7f\x13;s#t\x2f\x1ccvz\tpbm;~$H\x11"\r.e\x0f\x2f\x12a\xf6}fx\x05hap\x11=
xortool_out/077.out;p\x1ag\n?P\x06h\x13{\x01n\x11\x12c,-\x116hd~\x7f\x13;s#t\x2f\x1ccvz\tpbm;~$H\x11"\r.e\x0f\x2f}a\xf6}fx\x05hap\x11=
xortool_out/078.out;p\x1ag\n?P\x06h\x13{\x01n\x11\x12c,-\x11shd~\x7f\x13;s#t\x2f\x1ccvz\tpbm;~$H\x11"\r.e\x0f\x2f\x12a\xf6}fx\x05hap\x11=
xortool_out/079.out;p\x1ag\n?P\x06h\x13{\x01n\x11\x12c,-\x11shd~\x7f\x13;s#t\x2f\x1ccvz\tpbm;~$H\x11"\r.e\x0f\x2f}a\xf6}fx\x05hap\x11=
xortool_out/080.out;q\x1bf\x0b>Q\x07i\x12z\x00o\x10\x13b-,\x107ie\x7f~\x12:r"u.\x1dbw{\x08qcl:\x7f%I\x10#\x0c\x2fd\x0e.\x13`\xf7|gy\x04i`q\x10<
xortool_out/081.out;q\x1bf\x0b>Q\x07i\x12z\x00o\x10\x13b-,\x107ie\x7f~\x12:r"u.\x1dbw{\x08qcl:\x7f%I\x10#\x0c\x2fd\x0e.|`\xf7|gy\x04i`q\x10<
xortool_out/082.out;q\x1bf\x0b>Q\x07i\x12z\x00o\x10\x13b-,\x10rie\x7f~\x12:r"u.\x1dbw{\x08qcl:\x7f%I\x10#\x0c\x2fd\x0e.\x13`\xf7|gy\x04i`q\x10<
xortool_out/083.out;q\x1bf\x0b>Q\x07i\x12z\x00o\x10\x13b-,\x10rie\x7f~\x12:r"u.\x1dbw{\x08qcl:\x7f%I\x10#\x0c\x2fd\x0e.|`\xf7|gy\x04i`q\x10<
xortool_out/084.out;v\x1ca\x0c9V\x00n\x15}\x07h\x17\x14e*+\x170nbxy\x15=u%r)\x1aep|\x0fvdk=x"N\x17$\x0b(c\t)\x14g\xf0{`~\x03ngv\x17;
xortool_out/085.out;v\x1ca\x0c9V\x00n\x15}\x07h\x17\x14e*+\x170nbxy\x15=u%r)\x1aep|\x0fvdk=x"N\x17$\x0b(c\t){g\xf0{`~\x03ngv\x17;
xortool_out/086.out;v\x1ca\x0c9V\x00n\x15}\x07h\x17\x14e*+\x17unbxy\x15=u%r)\x1aep|\x0fvdk=x"N\x17$\x0b(c\t)\x14g\xf0{`~\x03ngv\x17;
xortool_out/087.out;v\x1ca\x0c9V\x00n\x15}\x07h\x17\x14e*+\x17unbxy\x15=u%r)\x1aep|\x0fvdk=x"N\x17$\x0b(c\t){g\xf0{`~\x03ngv\x17;
xortool_out/088.out;w\x1d`\r8W\x01o\x14|\x06i\x16\x15d+*\x161ocyx\x14<t$s(\x1bdq}\x0ewej<y#O\x16%\n)b\x08(\x15f\xf1za\x7f\x02ofw\x16:
xortool_out/089.out;w\x1d`\r8W\x01o\x14|\x06i\x16\x15d+*\x161ocyx\x14<t$s(\x1bdq}\x0ewej<y#O\x16%\n)b\x08(zf\xf1za\x7f\x02ofw\x16:
xortool_out/090.out;w\x1d`\r8W\x01o\x14|\x06i\x16\x15d+*\x16tocyx\x14<t$s(\x1bdq}\x0ewej<y#O\x16%\n)b\x08(\x15f\xf1za\x7f\x02ofw\x16:
xortool_out/091.out;w\x1d`\r8W\x01o\x14|\x06i\x16\x15d+*\x16tocyx\x14<t$s(\x1bdq}\x0ewej<y#O\x16%\n)b\x08(zf\xf1za\x7f\x02ofw\x16:
xortool_out/092.out;t\x1ec\x0e;T\x02l\x17\x7f\x05j\x15\x16g()\x152l`z{\x17?w'p+\x18gr~\rtfi?z L\x15&\t*a\x0b+\x16e\xf2yb|\x01let\x159
xortool_out/093.out;t\x1ec\x0e;T\x02l\x17\x7f\x05j\x15\x16g()\x152l`z{\x17?w'p+\x18gr~\rtfi?z L\x15&\t*a\x0b+ye\xf2yb|\x01let\x159
xortool_out/094.out;t\x1ec\x0e;T\x02l\x17\x7f\x05j\x15\x16g()\x15wl`z{\x17?w'p+\x18gr~\rtfi?z L\x15&\t*a\x0b+\x16e\xf2yb|\x01let\x159
xortool_out/095.out;t\x1ec\x0e;T\x02l\x17\x7f\x05j\x15\x16g()\x15wl`z{\x17?w'p+\x18gr~\rtfi?z L\x15&\t*a\x0b+ye\xf2yb|\x01let\x159
xortool_out/096.out;u\x1fb\x0f:U\x03m\x16~\x04k\x14\x17f)(\x143ma{z\x16>v&q*\x19fs\x7f\x0cugh>{!M\x14'\x08+`\n*\x17d\xf3xc}\x00mdu\x148
xortool_out/097.out;u\x1fb\x0f:U\x03m\x16~\x04k\x14\x17f)(\x143ma{z\x16>v&q*\x19fs\x7f\x0cugh>{!M\x14'\x08+`\n*xd\xf3xc}\x00mdu\x148
xortool_out/098.out;u\x1fb\x0f:U\x03m\x16~\x04k\x14\x17f)(\x14vma{z\x16>v&q*\x19fs\x7f\x0cugh>{!M\x14'\x08+`\n*\x17d\xf3xc}\x00mdu\x148
xortool_out/099.out;u\x1fb\x0f:U\x03m\x16~\x04k\x14\x17f)(\x14vma{z\x16>v&q*\x19fs\x7f\x0cugh>{!M\x14'\x08+`\n*xd\xf3xc}\x00mdu\x148
xortool_out/100.out;j\x00}\x10%J\x1cr\ta\x1bt\x0b\x08y67\x0b,r~de\t!i9n5\x06yl`\x13jxw!d>R\x0b8\x174\x7f\x155\x08{\xecg|b\x1fr{j\x0b'
xortool_out/101.out;j\x00}\x10%J\x1cr\ta\x1bt\x0b\x08y67\x0b,r~de\t!i9n5\x06yl`\x13jxw!d>R\x0b8\x174\x7f\x155g{\xecg|b\x1fr{j\x0b'
xortool_out/102.out;j\x00}\x10%J\x1cr\ta\x1bt\x0b\x08y67\x0bir~de\t!i9n5\x06yl`\x13jxw!d>R\x0b8\x174\x7f\x155\x08{\xecg|b\x1fr{j\x0b'
xortool_out/103.out;j\x00}\x10%J\x1cr\ta\x1bt\x0b\x08y67\x0bir~de\t!i9n5\x06yl`\x13jxw!d>R\x0b8\x174\x7f\x155g{\xecg|b\x1fr{j\x0b'
xortool_out/104.out;k\x01|\x11$K\x1ds\x08`\x1au\n\tx76\n-s\x7fed\x08 h8o4\x07xma\x12kyv e?S\n9\x165~\x144\tz\xedf}c\x1eszk\n&
xortool_out/105.out;k\x01|\x11$K\x1ds\x08`\x1au\n\tx76\n-s\x7fed\x08 h8o4\x07xma\x12kyv e?S\n9\x165~\x144fz\xedf}c\x1eszk\n&
xortool_out/106.out;k\x01|\x11$K\x1ds\x08`\x1au\n\tx76\nhs\x7fed\x08 h8o4\x07xma\x12kyv e?S\n9\x165~\x144\tz\xedf}c\x1eszk\n&
xortool_out/107.out;k\x01|\x11$K\x1ds\x08`\x1au\n\tx76\nhs\x7fed\x08 h8o4\x07xma\x12kyv e?S\n9\x165~\x144fz\xedf}c\x1eszk\n&
xortool_out/108.out;h\x02\x7f\x12'H\x1ep\x0bc\x19v\t\n{45\t.p|fg\x0b#k;l7\x04{nb\x11hzu#f<P\t:\x156}\x177\ny\xeee~`\x1dpyh\t%
xortool_out/109.out;h\x02\x7f\x12'H\x1ep\x0bc\x19v\t\n{45\t.p|fg\x0b#k;l7\x04{nb\x11hzu#f<P\t:\x156}\x177ey\xeee~`\x1dpyh\t%
xortool_out/110.out;h\x02\x7f\x12'H\x1ep\x0bc\x19v\t\n{45\tkp|fg\x0b#k;l7\x04{nb\x11hzu#f<P\t:\x156}\x177\ny\xeee~`\x1dpyh\t%
xortool_out/111.out;h\x02\x7f\x12'H\x1ep\x0bc\x19v\t\n{45\tkp|fg\x0b#k;l7\x04{nb\x11hzu#f<P\t:\x156}\x177ey\xeee~`\x1dpyh\t%
xortool_out/112.out;i\x03~\x13&I\x1fq\nb\x18w\x08\x0bz54\x08\x2fq}gf\n"j:m6\x05zoc\x10i{t"g=Q\x08;\x147|\x166\x0bx\xefd\x7fa\x1cqxi\x08$
xortool_out/113.out;i\x03~\x13&I\x1fq\nb\x18w\x08\x0bz54\x08\x2fq}gf\n"j:m6\x05zoc\x10i{t"g=Q\x08;\x147|\x166dx\xefd\x7fa\x1cqxi\x08$
xortool_out/114.out;i\x03~\x13&I\x1fq\nb\x18w\x08\x0bz54\x08jq}gf\n"j:m6\x05zoc\x10i{t"g=Q\x08;\x147|\x166\x0bx\xefd\x7fa\x1cqxi\x08$
xortool_out/115.out;i\x03~\x13&I\x1fq\nb\x18w\x08\x0bz54\x08jq}gf\n"j:m6\x05zoc\x10i{t"g=Q\x08;\x147|\x166dx\xefd\x7fa\x1cqxi\x08$
xortool_out/116.out;n\x04y\x14!N\x18v\re\x1fp\x0f\x0c}23\x0f(vz`a\r%m=j1\x02}hd\x17n|s%`:V\x0f<\x130{\x111\x0c\x7f\xe8cxf\x1bv\x7fn\x0f#
xortool_out/117.out;n\x04y\x14!N\x18v\re\x1fp\x0f\x0c}23\x0f(vz`a\r%m=j1\x02}hd\x17n|s%`:V\x0f<\x130{\x111c\x7f\xe8cxf\x1bv\x7fn\x0f#
xortool_out/118.out;n\x04y\x14!N\x18v\re\x1fp\x0f\x0c}23\x0fmvz`a\r%m=j1\x02}hd\x17n|s%`:V\x0f<\x130{\x111\x0c\x7f\xe8cxf\x1bv\x7fn\x0f#
xortool_out/119.out;n\x04y\x14!N\x18v\re\x1fp\x0f\x0c}23\x0fmvz`a\r%m=j1\x02}hd\x17n|s%`:V\x0f<\x130{\x111c\x7f\xe8cxf\x1bv\x7fn\x0f#
xortool_out/120.out;o\x05x\x15 O\x19w\x0cd\x1eq\x0e\r|32\x0e)w{a`\x0c$l<k0\x03|ie\x16o}r$a;W\x0e=\x121z\x100\r~\xe9byg\x1aw~o\x0e"
xortool_out/121.out;o\x05x\x15 O\x19w\x0cd\x1eq\x0e\r|32\x0e)w{a`\x0c$l<k0\x03|ie\x16o}r$a;W\x0e=\x121z\x100b~\xe9byg\x1aw~o\x0e"
xortool_out/122.out;o\x05x\x15 O\x19w\x0cd\x1eq\x0e\r|32\x0elw{a`\x0c$l<k0\x03|ie\x16o}r$a;W\x0e=\x121z\x100\r~\xe9byg\x1aw~o\x0e"
xortool_out/123.out;o\x05x\x15 O\x19w\x0cd\x1eq\x0e\r|32\x0elw{a`\x0c$l<k0\x03|ie\x16o}r$a;W\x0e=\x121z\x100b~\xe9byg\x1aw~o\x0e"
xortool_out/124.out;l\x06{\x16#L\x1at\x0fg\x1dr\r\x0e\x7f01\r*txbc\x0f'o?h3\x00\x7fjf\x15l~q'b8T\r>\x112y\x133\x0e}\xeaazd\x19t}l\r!
xortool_out/125.out;l\x06{\x16#L\x1at\x0fg\x1dr\r\x0e\x7f01\r*txbc\x0f'o?h3\x00\x7fjf\x15l~q'b8T\r>\x112y\x133a}\xeaazd\x19t}l\r!
xortool_out/126.out;l\x06{\x16#L\x1at\x0fg\x1dr\r\x0e\x7f01\rotxbc\x0f'o?h3\x00\x7fjf\x15l~q'b8T\r>\x112y\x133\x0e}\xeaazd\x19t}l\r!
xortool_out/127.out;l\x06{\x16#L\x1at\x0fg\x1dr\r\x0e\x7f01\rotxbc\x0f'o?h3\x00\x7fjf\x15l~q'b8T\r>\x112y\x133a}\xeaazd\x19t}l\r!
xortool_out/128.out;m\x07z\x17"M\x1bu\x0ef\x1cs\x0c\x0f~10\x0c+uycb\x0e&n>i2\x01~kg\x14m\x7fp&c9U\x0c?\x103x\x122\x0f|\xeb`{e\x18u|m\x0c 
xortool_out/129.out;m\x07z\x17"M\x1bu\x0ef\x1cs\x0c\x0f~10\x0c+uycb\x0e&n>i2\x01~kg\x14m\x7fp&c9U\x0c?\x103x\x122`|\xeb`{e\x18u|m\x0c 
xortool_out/130.out;m\x07z\x17"M\x1bu\x0ef\x1cs\x0c\x0f~10\x0cnuycb\x0e&n>i2\x01~kg\x14m\x7fp&c9U\x0c?\x103x\x122\x0f|\xeb`{e\x18u|m\x0c 
xortool_out/131.out;m\x07z\x17"M\x1bu\x0ef\x1cs\x0c\x0f~10\x0cnuycb\x0e&n>i2\x01~kg\x14m\x7fp&c9U\x0c?\x103x\x122`|\xeb`{e\x18u|m\x0c 
xortool_out/132.out;b\x08u\x18-B\x14z\x01i\x13|\x03\x00q>?\x03$zvlm\x01)a1f=\x0eqdh\x1bbp\x7f)l6Z\x030\x1f<w\x1d=\x00s\xe4otj\x17zsb\x03\x2f
xortool_out/133.out;b\x08u\x18-B\x14z\x01i\x13|\x03\x00q>?\x03$zvlm\x01)a1f=\x0eqdh\x1bbp\x7f)l6Z\x030\x1f<w\x1d=os\xe4otj\x17zsb\x03\x2f
xortool_out/134.out;b\x08u\x18-B\x14z\x01i\x13|\x03\x00q>?\x03azvlm\x01)a1f=\x0eqdh\x1bbp\x7f)l6Z\x030\x1f<w\x1d=\x00s\xe4otj\x17zsb\x03\x2f
xortool_out/135.out;b\x08u\x18-B\x14z\x01i\x13|\x03\x00q>?\x03azvlm\x01)a1f=\x0eqdh\x1bbp\x7f)l6Z\x030\x1f<w\x1d=os\xe4otj\x17zsb\x03\x2f
xortool_out/136.out;c\tt\x19,C\x15{\x00h\x12}\x02\x01p?>\x02%{wml\x00(`0g<\x0fpei\x1acq~(m7[\x021\x1e=v\x1c<\x01r\xe5nuk\x16{rc\x02.
xortool_out/137.out;c\tt\x19,C\x15{\x00h\x12}\x02\x01p?>\x02%{wml\x00(`0g<\x0fpei\x1acq~(m7[\x021\x1e=v\x1c<nr\xe5nuk\x16{rc\x02.
xortool_out/138.out;c\tt\x19,C\x15{\x00h\x12}\x02\x01p?>\x02`{wml\x00(`0g<\x0fpei\x1acq~(m7[\x021\x1e=v\x1c<\x01r\xe5nuk\x16{rc\x02.
xortool_out/139.out;c\tt\x19,C\x15{\x00h\x12}\x02\x01p?>\x02`{wml\x00(`0g<\x0fpei\x1acq~(m7[\x021\x1e=v\x1c<nr\xe5nuk\x16{rc\x02.
xortool_out/140.out;`\nw\x1a\x2f@\x16x\x03k\x11~\x01\x02s<=\x01&xtno\x03+c3d?\x0csfj\x19`r}+n4X\x012\x1d>u\x1f?\x02q\xe6mvh\x15xq`\x01-
xortool_out/141.out;`\nw\x1a\x2f@\x16x\x03k\x11~\x01\x02s<=\x01&xtno\x03+c3d?\x0csfj\x19`r}+n4X\x012\x1d>u\x1f?mq\xe6mvh\x15xq`\x01-
xortool_out/142.out;`\nw\x1a\x2f@\x16x\x03k\x11~\x01\x02s<=\x01cxtno\x03+c3d?\x0csfj\x19`r}+n4X\x012\x1d>u\x1f?\x02q\xe6mvh\x15xq`\x01-
xortool_out/143.out;`\nw\x1a\x2f@\x16x\x03k\x11~\x01\x02s<=\x01cxtno\x03+c3d?\x0csfj\x19`r}+n4X\x012\x1d>u\x1f?mq\xe6mvh\x15xq`\x01-
xortool_out/144.out;[1L!\x14{-C8P*E:9H\x07\x06:\x1dCOUT8\x10X\x08_\x047H]Q"[IF\x10U\x0fc:\t&\x05N$\x049J\xddVMS.CJ[:\x16
xortool_out/145.out;[1L!\x14{-C8P*E:9H\x07\x06:\x1dCOUT8\x10X\x08_\x047H]Q"[IF\x10U\x0fc:\t&\x05N$\x04VJ\xddVMS.CJ[:\x16
xortool_out/146.out;[1L!\x14{-C8P*E:9H\x07\x06:XCOUT8\x10X\x08_\x047H]Q"[IF\x10U\x0fc:\t&\x05N$\x049J\xddVMS.CJ[:\x16
xortool_out/147.out;[1L!\x14{-C8P*E:9H\x07\x06:XCOUT8\x10X\x08_\x047H]Q"[IF\x10U\x0fc:\t&\x05N$\x04VJ\xddVMS.CJ[:\x16
xortool_out/148.out;X2O"\x17x.@;S)F9:K\x04\x059\x1e@LVW;\x13[\x0b\\\x074K^R!XJE\x13V\x0c`9\n%\x06M\'\x07:I\xdeUNP-@IX9\x15
xortool_out/149.out;X2O"\x17x.@;S)F9:K\x04\x059\x1e@LVW;\x13[\x0b\\\x074K^R!XJE\x13V\x0c`9\n%\x06M\'\x07UI\xdeUNP-@IX9\x15
xortool_out/150.out;X2O"\x17x.@;S)F9:K\x04\x059[@LVW;\x13[\x0b\\\x074K^R!XJE\x13V\x0c`9\n%\x06M\'\x07:I\xdeUNP-@IX9\x15
xortool_out/151.out;X2O"\x17x.@;S)F9:K\x04\x059[@LVW;\x13[\x0b\\\x074K^R!XJE\x13V\x0c`9\n%\x06M\'\x07UI\xdeUNP-@IX9\x15
xortool_out/152.out;Y3N#\x16y\x2fA:R(G8;J\x05\x048\x1fAMWV:\x12Z\n]\x065J_S YKD\x12W\ra8\x0b$\x07L&\x06;H\xdfTOQ,AHY8\x14
xortool_out/153.out;Y3N#\x16y\x2fA:R(G8;J\x05\x048\x1fAMWV:\x12Z\n]\x065J_S YKD\x12W\ra8\x0b$\x07L&\x06TH\xdfTOQ,AHY8\x14
xortool_out/154.out;Y3N#\x16y\x2fA:R(G8;J\x05\x048ZAMWV:\x12Z\n]\x065J_S YKD\x12W\ra8\x0b$\x07L&\x06;H\xdfTOQ,AHY8\x14
xortool_out/155.out;Y3N#\x16y\x2fA:R(G8;J\x05\x048ZAMWV:\x12Z\n]\x065J_S YKD\x12W\ra8\x0b$\x07L&\x06TH\xdfTOQ,AHY8\x14
xortool_out/156.out;^4I$\x11~(F=U\x2f@?<M\x02\x03?\x18FJPQ=\x15]\rZ\x012MXT'^LC\x15P\nf?\x0c#\x00K!\x01<O\xd8SHV+FO^?\x13
xortool_out/157.out;^4I$\x11~(F=U\x2f@?<M\x02\x03?\x18FJPQ=\x15]\rZ\x012MXT'^LC\x15P\nf?\x0c#\x00K!\x01SO\xd8SHV+FO^?\x13
xortool_out/158.out;^4I$\x11~(F=U\x2f@?<M\x02\x03?]FJPQ=\x15]\rZ\x012MXT'^LC\x15P\nf?\x0c#\x00K!\x01<O\xd8SHV+FO^?\x13
xortool_out/159.out;^4I$\x11~(F=U\x2f@?<M\x02\x03?]FJPQ=\x15]\rZ\x012MXT'^LC\x15P\nf?\x0c#\x00K!\x01SO\xd8SHV+FO^?\x13
xortool_out/160.out;_5H%\x10\x7f)G<T.A>=L\x03\x02>\x19GKQP<\x14\\\x0c[\x003LYU&_MB\x14Q\x0bg>\r"\x01J \x00=N\xd9RIW*GN_>\x12
xortool_out/161.out;_5H%\x10\x7f)G<T.A>=L\x03\x02>\x19GKQP<\x14\\\x0c[\x003LYU&_MB\x14Q\x0bg>\r"\x01J \x00RN\xd9RIW*GN_>\x12
xortool_out/162.out;_5H%\x10\x7f)G<T.A>=L\x03\x02>\\GKQP<\x14\\\x0c[\x003LYU&_MB\x14Q\x0bg>\r"\x01J \x00=N\xd9RIW*GN_>\x12
xortool_out/163.out;_5H%\x10\x7f)G<T.A>=L\x03\x02>\\GKQP<\x14\\\x0c[\x003LYU&_MB\x14Q\x0bg>\r"\x01J \x00RN\xd9RIW*GN_>\x12
xortool_out/164.out;\\6K&\x13|*D?W-B=>O\x00\x01=\x1aDHRS?\x17_\x0fX\x030OZV%\\NA\x17R\x08d=\x0e!\x02I#\x03>M\xdaQJT)DM\\=\x11
xortool_out/165.out;\\6K&\x13|*D?W-B=>O\x00\x01=\x1aDHRS?\x17_\x0fX\x030OZV%\\NA\x17R\x08d=\x0e!\x02I#\x03QM\xdaQJT)DM\\=\x11
xortool_out/166.out;\\6K&\x13|*D?W-B=>O\x00\x01=_DHRS?\x17_\x0fX\x030OZV%\\NA\x17R\x08d=\x0e!\x02I#\x03>M\xdaQJT)DM\\=\x11
xortool_out/167.out;\\6K&\x13|*D?W-B=>O\x00\x01=_DHRS?\x17_\x0fX\x030OZV%\\NA\x17R\x08d=\x0e!\x02I#\x03QM\xdaQJT)DM\\=\x11
xortool_out/168.out;]7J\'\x12}+E>V,C<?N\x01\x00<\x1bEISR>\x16^\x0eY\x021N[W$]O@\x16S\te<\x0f \x03H"\x02?L\xdbPKU(EL]<\x10
xortool_out/169.out;]7J\'\x12}+E>V,C<?N\x01\x00<\x1bEISR>\x16^\x0eY\x021N[W$]O@\x16S\te<\x0f \x03H"\x02PL\xdbPKU(EL]<\x10
xortool_out/170.out;]7J\'\x12}+E>V,C<?N\x01\x00<^EISR>\x16^\x0eY\x021N[W$]O@\x16S\te<\x0f \x03H"\x02?L\xdbPKU(EL]<\x10
xortool_out/171.out;]7J\'\x12}+E>V,C<?N\x01\x00<^EISR>\x16^\x0eY\x021N[W$]O@\x16S\te<\x0f \x03H"\x02PL\xdbPKU(EL]<\x10
xortool_out/172.out;R8E(\x1dr$J1Y#L30A\x0e\x0f3\x14JF\\]1\x19Q\x01V\r>ATX+R@O\x19\\\x06j3\x00\x2f\x0cG-\r0C\xd4_DZ'JCR3\x1f
xortool_out/173.out;R8E(\x1dr$J1Y#L30A\x0e\x0f3\x14JF\\]1\x19Q\x01V\r>ATX+R@O\x19\\\x06j3\x00\x2f\x0cG-\r_C\xd4_DZ'JCR3\x1f
xortool_out/174.out;R8E(\x1dr$J1Y#L30A\x0e\x0f3QJF\\]1\x19Q\x01V\r>ATX+R@O\x19\\\x06j3\x00\x2f\x0cG-\r0C\xd4_DZ'JCR3\x1f
xortool_out/175.out;R8E(\x1dr$J1Y#L30A\x0e\x0f3QJF\\]1\x19Q\x01V\r>ATX+R@O\x19\\\x06j3\x00\x2f\x0cG-\r_C\xd4_DZ'JCR3\x1f
xortool_out/176.out;S9D)\x1cs%K0X"M21@\x0f\x0e2\x15KG]\\0\x18P\x00W\x0c?@UY*SAN\x18]\x07k2\x01.\rF,\x0c1B\xd5^E[&KBS2\x1e
xortool_out/177.out;S9D)\x1cs%K0X"M21@\x0f\x0e2\x15KG]\\0\x18P\x00W\x0c?@UY*SAN\x18]\x07k2\x01.\rF,\x0c^B\xd5^E[&KBS2\x1e
xortool_out/178.out;S9D)\x1cs%K0X"M21@\x0f\x0e2PKG]\\0\x18P\x00W\x0c?@UY*SAN\x18]\x07k2\x01.\rF,\x0c1B\xd5^E[&KBS2\x1e
xortool_out/179.out;S9D)\x1cs%K0X"M21@\x0f\x0e2PKG]\\0\x18P\x00W\x0c?@UY*SAN\x18]\x07k2\x01.\rF,\x0c^B\xd5^E[&KBS2\x1e
xortool_out/180.out;P:G*\x1fp&H3[!N12C\x0c\r1\x16HD^_3\x1bS\x03T\x0f<CVZ)PBM\x1b^\x04h1\x02-\x0eE\x2f\x0f2A\xd6]FX%HAP1\x1d
xortool_out/181.out;P:G*\x1fp&H3[!N12C\x0c\r1\x16HD^_3\x1bS\x03T\x0f<CVZ)PBM\x1b^\x04h1\x02-\x0eE\x2f\x0f]A\xd6]FX%HAP1\x1d
xortool_out/182.out;P:G*\x1fp&H3[!N12C\x0c\r1SHD^_3\x1bS\x03T\x0f<CVZ)PBM\x1b^\x04h1\x02-\x0eE\x2f\x0f2A\xd6]FX%HAP1\x1d
xortool_out/183.out;P:G*\x1fp&H3[!N12C\x0c\r1SHD^_3\x1bS\x03T\x0f<CVZ)PBM\x1b^\x04h1\x02-\x0eE\x2f\x0f]A\xd6]FX%HAP1\x1d
xortool_out/184.out;Q;F+\x1eq'I2Z O03B\r\x0c0\x17IE_^2\x1aR\x02U\x0e=BW[(QCL\x1a_\x05i0\x03,\x0fD.\x0e3@\xd7\\GY$I@Q0\x1c
xortool_out/185.out;Q;F+\x1eq'I2Z O03B\r\x0c0\x17IE_^2\x1aR\x02U\x0e=BW[(QCL\x1a_\x05i0\x03,\x0fD.\x0e\\@\xd7\\GY$I@Q0\x1c
xortool_out/186.out;Q;F+\x1eq'I2Z O03B\r\x0c0RIE_^2\x1aR\x02U\x0e=BW[(QCL\x1a_\x05i0\x03,\x0fD.\x0e3@\xd7\\GY$I@Q0\x1c
xortool_out/187.out;Q;F+\x1eq'I2Z O03B\r\x0c0RIE_^2\x1aR\x02U\x0e=BW[(QCL\x1a_\x05i0\x03,\x0fD.\x0e\\@\xd7\\GY$I@Q0\x1c
xortool_out/188.out;V<A,\x19v N5]'H74E\n\x0b7\x10NBXY5\x1dU\x05R\t:EP\\\x2fVDK\x1dX\x02n7\x04+\x08C)\t4G\xd0[@^#NGV7\x1b
xortool_out/189.out;V<A,\x19v N5]'H74E\n\x0b7\x10NBXY5\x1dU\x05R\t:EP\\\x2fVDK\x1dX\x02n7\x04+\x08C)\t[G\xd0[@^#NGV7\x1b
xortool_out/190.out;V<A,\x19v N5]'H74E\n\x0b7UNBXY5\x1dU\x05R\t:EP\\\x2fVDK\x1dX\x02n7\x04+\x08C)\t4G\xd0[@^#NGV7\x1b
xortool_out/191.out;V<A,\x19v N5]'H74E\n\x0b7UNBXY5\x1dU\x05R\t:EP\\\x2fVDK\x1dX\x02n7\x04+\x08C)\t[G\xd0[@^#NGV7\x1b
xortool_out/192.out;W=@-\x18w!O4\\&I65D\x0b\n6\x11OCYX4\x1cT\x04S\x08;DQ].WEJ\x1cY\x03o6\x05*\tB(\x085F\xd1ZA_"OFW6\x1a
xortool_out/193.out;W=@-\x18w!O4\\&I65D\x0b\n6\x11OCYX4\x1cT\x04S\x08;DQ].WEJ\x1cY\x03o6\x05*\tB(\x08ZF\xd1ZA_"OFW6\x1a
xortool_out/194.out;W=@-\x18w!O4\\&I65D\x0b\n6TOCYX4\x1cT\x04S\x08;DQ].WEJ\x1cY\x03o6\x05*\tB(\x085F\xd1ZA_"OFW6\x1a
xortool_out/195.out;W=@-\x18w!O4\\&I65D\x0b\n6TOCYX4\x1cT\x04S\x08;DQ].WEJ\x1cY\x03o6\x05*\tB(\x08ZF\xd1ZA_"OFW6\x1a
xortool_out/196.out;T>C.\x1bt"L7_%J56G\x08\t5\x12L@Z[7\x1fW\x07P\x0b8GR^-TFI\x1fZ\x00l5\x06)\nA+\x0b6E\xd2YB\\!LET5\x19
xortool_out/197.out;T>C.\x1bt"L7_%J56G\x08\t5\x12L@Z[7\x1fW\x07P\x0b8GR^-TFI\x1fZ\x00l5\x06)\nA+\x0bYE\xd2YB\\!LET5\x19
xortool_out/198.out;T>C.\x1bt"L7_%J56G\x08\t5WL@Z[7\x1fW\x07P\x0b8GR^-TFI\x1fZ\x00l5\x06)\nA+\x0b6E\xd2YB\\!LET5\x19
xortool_out/199.out;T>C.\x1bt"L7_%J56G\x08\t5WL@Z[7\x1fW\x07P\x0b8GR^-TFI\x1fZ\x00l5\x06)\nA+\x0bYE\xd2YB\\!LET5\x19
xortool_out/200.out;U?B\x2f\x1au#M6^$K47F\t\x084\x13MA[Z6\x1eV\x06Q\n9FS_,UGH\x1e[\x01m4\x07(\x0b@*\n7D\xd3XC] MDU4\x18
xortool_out/201.out;U?B\x2f\x1au#M6^$K47F\t\x084\x13MA[Z6\x1eV\x06Q\n9FS_,UGH\x1e[\x01m4\x07(\x0b@*\nXD\xd3XC] MDU4\x18
xortool_out/202.out;U?B\x2f\x1au#M6^$K47F\t\x084VMA[Z6\x1eV\x06Q\n9FS_,UGH\x1e[\x01m4\x07(\x0b@*\n7D\xd3XC] MDU4\x18
xortool_out/203.out;U?B\x2f\x1au#M6^$K47F\t\x084VMA[Z6\x1eV\x06Q\n9FS_,UGH\x1e[\x01m4\x07(\x0b@*\nXD\xd3XC] MDU4\x18
xortool_out/204.out;J ]0\x05j<R)A;T+(Y\x16\x17+\x0cR^DE)\x01I\x19N\x15&YL@3JXW\x01D\x1er+\x187\x14_5\x15([\xccG\\B?R[J+\x07
xortool_out/205.out;J ]0\x05j<R)A;T+(Y\x16\x17+\x0cR^DE)\x01I\x19N\x15&YL@3JXW\x01D\x1er+\x187\x14_5\x15G[\xccG\\B?R[J+\x07
xortool_out/206.out;J ]0\x05j<R)A;T+(Y\x16\x17+IR^DE)\x01I\x19N\x15&YL@3JXW\x01D\x1er+\x187\x14_5\x15([\xccG\\B?R[J+\x07
xortool_out/207.out;J ]0\x05j<R)A;T+(Y\x16\x17+IR^DE)\x01I\x19N\x15&YL@3JXW\x01D\x1er+\x187\x14_5\x15G[\xccG\\B?R[J+\x07
xortool_out/208.out;K!\\1\x04k=S(@:U*)X\x17\x16*\rS_ED(\x00H\x18O\x14'XMA2KYV\x00E\x1fs*\x196\x15^4\x14)Z\xcdF]C>SZK*\x06
xortool_out/209.out;K!\\1\x04k=S(@:U*)X\x17\x16*\rS_ED(\x00H\x18O\x14'XMA2KYV\x00E\x1fs*\x196\x15^4\x14FZ\xcdF]C>SZK*\x06
xortool_out/210.out;K!\\1\x04k=S(@:U*)X\x17\x16*HS_ED(\x00H\x18O\x14'XMA2KYV\x00E\x1fs*\x196\x15^4\x14)Z\xcdF]C>SZK*\x06
xortool_out/211.out;K!\\1\x04k=S(@:U*)X\x17\x16*HS_ED(\x00H\x18O\x14'XMA2KYV\x00E\x1fs*\x196\x15^4\x14FZ\xcdF]C>SZK*\x06
xortool_out/212.out;H"_2\x07h>P+C9V)*[\x14\x15)\x0eP\\FG+\x03K\x1bL\x17$[NB1HZU\x03F\x1cp)\x1a5\x16]7\x17*Y\xceE^@=PYH)\x05
xortool_out/213.out;H"_2\x07h>P+C9V)*[\x14\x15)\x0eP\\FG+\x03K\x1bL\x17$[NB1HZU\x03F\x1cp)\x1a5\x16]7\x17EY\xceE^@=PYH)\x05
xortool_out/214.out;H"_2\x07h>P+C9V)*[\x14\x15)KP\\FG+\x03K\x1bL\x17$[NB1HZU\x03F\x1cp)\x1a5\x16]7\x17*Y\xceE^@=PYH)\x05
xortool_out/215.out;H"_2\x07h>P+C9V)*[\x14\x15)KP\\FG+\x03K\x1bL\x17$[NB1HZU\x03F\x1cp)\x1a5\x16]7\x17EY\xceE^@=PYH)\x05
xortool_out/216.out;I#^3\x06i?Q*B8W(+Z\x15\x14(\x0fQ]GF*\x02J\x1aM\x16%ZOC0I[T\x02G\x1dq(\x1b4\x17\\6\x16+X\xcfD_A<QXI(\x04
xortool_out/217.out;I#^3\x06i?Q*B8W(+Z\x15\x14(\x0fQ]GF*\x02J\x1aM\x16%ZOC0I[T\x02G\x1dq(\x1b4\x17\\6\x16DX\xcfD_A<QXI(\x04
xortool_out/218.out;I#^3\x06i?Q*B8W(+Z\x15\x14(JQ]GF*\x02J\x1aM\x16%ZOC0I[T\x02G\x1dq(\x1b4\x17\\6\x16+X\xcfD_A<QXI(\x04
xortool_out/219.out;I#^3\x06i?Q*B8W(+Z\x15\x14(JQ]GF*\x02J\x1aM\x16%ZOC0I[T\x02G\x1dq(\x1b4\x17\\6\x16DX\xcfD_A<QXI(\x04
xortool_out/220.out;N$Y4\x01n8V-E?P\x2f,]\x12\x13\x2f\x08VZ@A-\x05M\x1dJ\x11"]HD7N\\S\x05@\x1av\x2f\x1c3\x10[1\x11,_\xc8CXF;V_N\x2f\x03
xortool_out/221.out;N$Y4\x01n8V-E?P\x2f,]\x12\x13\x2f\x08VZ@A-\x05M\x1dJ\x11"]HD7N\\S\x05@\x1av\x2f\x1c3\x10[1\x11C_\xc8CXF;V_N\x2f\x03
xortool_out/222.out;N$Y4\x01n8V-E?P\x2f,]\x12\x13\x2fMVZ@A-\x05M\x1dJ\x11"]HD7N\\S\x05@\x1av\x2f\x1c3\x10[1\x11,_\xc8CXF;V_N\x2f\x03
xortool_out/223.out;N$Y4\x01n8V-E?P\x2f,]\x12\x13\x2fMVZ@A-\x05M\x1dJ\x11"]HD7N\\S\x05@\x1av\x2f\x1c3\x10[1\x11C_\xc8CXF;V_N\x2f\x03
xortool_out/224.out;O%X5\x00o9W,D>Q.-\\\x13\x12.\tW[A@,\x04L\x1cK\x10#\\IE6O]R\x04A\x1bw.\x1d2\x11Z0\x10-^\xc9BYG:W^O.\x02
xortool_out/225.out;O%X5\x00o9W,D>Q.-\\\x13\x12.\tW[A@,\x04L\x1cK\x10#\\IE6O]R\x04A\x1bw.\x1d2\x11Z0\x10B^\xc9BYG:W^O.\x02
xortool_out/226.out;O%X5\x00o9W,D>Q.-\\\x13\x12.LW[A@,\x04L\x1cK\x10#\\IE6O]R\x04A\x1bw.\x1d2\x11Z0\x10-^\xc9BYG:W^O.\x02
xortool_out/227.out;O%X5\x00o9W,D>Q.-\\\x13\x12.LW[A@,\x04L\x1cK\x10#\\IE6O]R\x04A\x1bw.\x1d2\x11Z0\x10B^\xc9BYG:W^O.\x02
xortool_out/228.out;L&[6\x03l:T\x2fG=R-._\x10\x11-\nTXBC\x2f\x07O\x1fH\x13 _JF5L^Q\x07B\x18t-\x1e1\x12Y3\x13.]\xcaAZD9T]L-\x01
xortool_out/229.out;L&[6\x03l:T\x2fG=R-._\x10\x11-\nTXBC\x2f\x07O\x1fH\x13 _JF5L^Q\x07B\x18t-\x1e1\x12Y3\x13A]\xcaAZD9T]L-\x01
xortool_out/230.out;L&[6\x03l:T\x2fG=R-._\x10\x11-OTXBC\x2f\x07O\x1fH\x13 _JF5L^Q\x07B\x18t-\x1e1\x12Y3\x13.]\xcaAZD9T]L-\x01
xortool_out/231.out;L&[6\x03l:T\x2fG=R-._\x10\x11-OTXBC\x2f\x07O\x1fH\x13 _JF5L^Q\x07B\x18t-\x1e1\x12Y3\x13A]\xcaAZD9T]L-\x01
xortool_out/232.out;M'Z7\x02m;U.F<S,\x2f^\x11\x10,\x0bUYCB.\x06N\x1eI\x12!^KG4M_P\x06C\x19u,\x1f0\x13X2\x12\x2f\\\xcb@[E8U\\M,\x00
xortool_out/233.out;M'Z7\x02m;U.F<S,\x2f^\x11\x10,\x0bUYCB.\x06N\x1eI\x12!^KG4M_P\x06C\x19u,\x1f0\x13X2\x12@\\\xcb@[E8U\\M,\x00
xortool_out/234.out;M'Z7\x02m;U.F<S,\x2f^\x11\x10,NUYCB.\x06N\x1eI\x12!^KG4M_P\x06C\x19u,\x1f0\x13X2\x12\x2f\\\xcb@[E8U\\M,\x00
xortool_out/235.out;M'Z7\x02m;U.F<S,\x2f^\x11\x10,NUYCB.\x06N\x1eI\x12!^KG4M_P\x06C\x19u,\x1f0\x13X2\x12@\\\xcb@[E8U\\M,\x00
xortool_out/236.out;B(U8\rb4Z!I3\\# Q\x1e\x1f#\x04ZVLM!\tA\x11F\x1d.QDH;BP_\tL\x16z#\x10?\x1cW=\x1d S\xc4OTJ7ZSB#\x0f
xortool_out/237.out;B(U8\rb4Z!I3\\# Q\x1e\x1f#\x04ZVLM!\tA\x11F\x1d.QDH;BP_\tL\x16z#\x10?\x1cW=\x1dOS\xc4OTJ7ZSB#\x0f
xortool_out/238.out;B(U8\rb4Z!I3\\# Q\x1e\x1f#AZVLM!\tA\x11F\x1d.QDH;BP_\tL\x16z#\x10?\x1cW=\x1d S\xc4OTJ7ZSB#\x0f
xortool_out/239.out;B(U8\rb4Z!I3\\# Q\x1e\x1f#AZVLM!\tA\x11F\x1d.QDH;BP_\tL\x16z#\x10?\x1cW=\x1dOS\xc4OTJ7ZSB#\x0f
xortool_out/240.out;C)T9\x0cc5[ H2]"!P\x1f\x1e"\x05[WML \x08@\x10G\x1c\x2fPEI:CQ^\x08M\x17{"\x11>\x1dV<\x1c!R\xc5NUK6[RC"\x0e
xortool_out/241.out;C)T9\x0cc5[ H2]"!P\x1f\x1e"\x05[WML \x08@\x10G\x1c\x2fPEI:CQ^\x08M\x17{"\x11>\x1dV<\x1cNR\xc5NUK6[RC"\x0e
xortool_out/242.out;C)T9\x0cc5[ H2]"!P\x1f\x1e"@[WML \x08@\x10G\x1c\x2fPEI:CQ^\x08M\x17{"\x11>\x1dV<\x1c!R\xc5NUK6[RC"\x0e
xortool_out/243.out;C)T9\x0cc5[ H2]"!P\x1f\x1e"@[WML \x08@\x10G\x1c\x2fPEI:CQ^\x08M\x17{"\x11>\x1dV<\x1cNR\xc5NUK6[RC"\x0e
xortool_out/244.out;@*W:\x0f`6X#K1^!"S\x1c\x1d!\x06XTNO#\x0bC\x13D\x1f,SFJ9@R]\x0bN\x14x!\x12=\x1eU?\x1f"Q\xc6MVH5XQ@!\r
xortool_out/245.out;@*W:\x0f`6X#K1^!"S\x1c\x1d!\x06XTNO#\x0bC\x13D\x1f,SFJ9@R]\x0bN\x14x!\x12=\x1eU?\x1fMQ\xc6MVH5XQ@!\r
xortool_out/246.out;@*W:\x0f`6X#K1^!"S\x1c\x1d!CXTNO#\x0bC\x13D\x1f,SFJ9@R]\x0bN\x14x!\x12=\x1eU?\x1f"Q\xc6MVH5XQ@!\r
xortool_out/247.out;@*W:\x0f`6X#K1^!"S\x1c\x1d!CXTNO#\x0bC\x13D\x1f,SFJ9@R]\x0bN\x14x!\x12=\x1eU?\x1fMQ\xc6MVH5XQ@!\r
xortool_out/248.out;;Q,At\x1bM#X0J%ZY(gfZ}#\x2f54Xp8h?dW(=1B;)&p5o\x03ZiFe.DdY*\xbd6-3N#*;Zv
xortool_out/249.out;;Q,At\x1bM#X0J%ZY(gfZ}#\x2f54Xp8h?dW(=1B;)&p5o\x03ZiFe.Dd6*\xbd6-3N#*;Zv
xortool_out/250.out;;Q,At\x1bM#X0J%ZY(gfZ8#\x2f54Xp8h?dW(=1B;)&p5o\x03ZiFe.DdY*\xbd6-3N#*;Zv
xortool_out/251.out;;Q,At\x1bM#X0J%ZY(gfZ8#\x2f54Xp8h?dW(=1B;)&p5o\x03ZiFe.Dd6*\xbd6-3N#*;Zv
xortool_out/252.out;8R\x2fBw\x18N [3I&YZ+deY~ ,67[s;k<gT+>2A8*%s6l\x00YjEf-GgZ)\xbe5.0M )8Yu
xortool_out/253.out;8R\x2fBw\x18N [3I&YZ+deY~ ,67[s;k<gT+>2A8*%s6l\x00YjEf-Gg5)\xbe5.0M )8Yu
xortool_out/254.out;8R\x2fBw\x18N [3I&YZ+deY; ,67[s;k<gT+>2A8*%s6l\x00YjEf-GgZ)\xbe5.0M )8Yu
xortool_out/255.out;8R\x2fBw\x18N [3I&YZ+deY; ,67[s;k<gT+>2A8*%s6l\x00YjEf-Gg5)\xbe5.0M )8Yu
xortool_out/256.out;9S.Cv\x19O!Z2H'X[*edX\x7f!-76Zr:j=fU*?3@9+$r7m\x01XkDg,Ff[(\xbf4\x2f1L!(9Xt
xortool_out/257.out;9S.Cv\x19O!Z2H'X[*edX\x7f!-76Zr:j=fU*?3@9+$r7m\x01XkDg,Ff4(\xbf4\x2f1L!(9Xt
xortool_out/258.out;9S.Cv\x19O!Z2H'X[*edX:!-76Zr:j=fU*?3@9+$r7m\x01XkDg,Ff[(\xbf4\x2f1L!(9Xt
xortool_out/259.out;9S.Cv\x19O!Z2H'X[*edX:!-76Zr:j=fU*?3@9+$r7m\x01XkDg,Ff4(\xbf4\x2f1L!(9Xt
xortool_out/260.out;>T)Dq\x1eH&]5O _\\-bc_x&*01]u=m:aR-84G>,#u0j\x06_lC`+Aa\\\x2f\xb83(6K&\x2f>_s
xortool_out/261.out;>T)Dq\x1eH&]5O _\\-bc_x&*01]u=m:aR-84G>,#u0j\x06_lC`+Aa3\x2f\xb83(6K&\x2f>_s
xortool_out/262.out;>T)Dq\x1eH&]5O _\\-bc_=&*01]u=m:aR-84G>,#u0j\x06_lC`+Aa\\\x2f\xb83(6K&\x2f>_s
xortool_out/263.out;>T)Dq\x1eH&]5O _\\-bc_=&*01]u=m:aR-84G>,#u0j\x06_lC`+Aa3\x2f\xb83(6K&\x2f>_s
xortool_out/264.out;?U(Ep\x1fI\'\\4N!^],cb^y\'+10\\t<l;`S,95F?-"t1k\x07^mBa*@`].\xb92)7J\'.?^r
xortool_out/265.out;?U(Ep\x1fI\'\\4N!^],cb^y\'+10\\t<l;`S,95F?-"t1k\x07^mBa*@`2.\xb92)7J\'.?^r
xortool_out/266.out;?U(Ep\x1fI\'\\4N!^],cb^<\'+10\\t<l;`S,95F?-"t1k\x07^mBa*@`].\xb92)7J\'.?^r
xortool_out/267.out;?U(Ep\x1fI\'\\4N!^],cb^<\'+10\\t<l;`S,95F?-"t1k\x07^mBa*@`2.\xb92)7J\'.?^r
xortool_out/268.out;<V+Fs\x1cJ$_7M"]^\x2f`a]z$(23_w?o8cP\x2f:6E<.!w2h\x04]nAb)Cc^-\xba1*4I$-<]q
xortool_out/269.out;<V+Fs\x1cJ$_7M"]^\x2f`a]z$(23_w?o8cP\x2f:6E<.!w2h\x04]nAb)Cc1-\xba1*4I$-<]q
xortool_out/270.out;<V+Fs\x1cJ$_7M"]^\x2f`a]?$(23_w?o8cP\x2f:6E<.!w2h\x04]nAb)Cc^-\xba1*4I$-<]q
xortool_out/271.out;<V+Fs\x1cJ$_7M"]^\x2f`a]?$(23_w?o8cP\x2f:6E<.!w2h\x04]nAb)Cc1-\xba1*4I$-<]q
xortool_out/272.out;=W*Gr\x1dK%^6L#\\_.a`\\{%)32^v>n9bQ.;7D=\x2f v3i\x05\\o@c(Bb_,\xbb0+5H%,=\\p
xortool_out/273.out;=W*Gr\x1dK%^6L#\\_.a`\\{%)32^v>n9bQ.;7D=\x2f v3i\x05\\o@c(Bb0,\xbb0+5H%,=\\p
xortool_out/274.out;=W*Gr\x1dK%^6L#\\_.a`\\>%)32^v>n9bQ.;7D=\x2f v3i\x05\\o@c(Bb_,\xbb0+5H%,=\\p
xortool_out/275.out;=W*Gr\x1dK%^6L#\\_.a`\\>%)32^v>n9bQ.;7D=\x2f v3i\x05\\o@c(Bb0,\xbb0+5H%,=\\p
xortool_out/276.out;2X%H}\x12D*Q9C,SP!noSt*&<=Qy1a6m^!48K2 \x2fy<f\nS`Ol'MmP#\xb4?$:G*#2S\x7f
xortool_out/277.out;2X%H}\x12D*Q9C,SP!noSt*&<=Qy1a6m^!48K2 \x2fy<f\nS`Ol'Mm?#\xb4?$:G*#2S\x7f
xortool_out/278.out;2X%H}\x12D*Q9C,SP!noS1*&<=Qy1a6m^!48K2 \x2fy<f\nS`Ol'MmP#\xb4?$:G*#2S\x7f
xortool_out/279.out;2X%H}\x12D*Q9C,SP!noS1*&<=Qy1a6m^!48K2 \x2fy<f\nS`Ol'Mm?#\xb4?$:G*#2S\x7f
xortool_out/280.out;3Y$I|\x13E+P8B-RQ onRu+\'=<Px0`7l_ 59J3!.x=g\x0bRaNm&LlQ"\xb5>%;F+"3R~
xortool_out/281.out;3Y$I|\x13E+P8B-RQ onRu+\'=<Px0`7l_ 59J3!.x=g\x0bRaNm&Ll>"\xb5>%;F+"3R~
xortool_out/282.out;3Y$I|\x13E+P8B-RQ onR0+\'=<Px0`7l_ 59J3!.x=g\x0bRaNm&LlQ"\xb5>%;F+"3R~
xortool_out/283.out;3Y$I|\x13E+P8B-RQ onR0+\'=<Px0`7l_ 59J3!.x=g\x0bRaNm&Ll>"\xb5>%;F+"3R~
xortool_out/284.out;0Z\'J\x7f\x10F(S;A.QR#lmQv($>?S{3c4o\\#6:I0"-{>d\x08QbMn%OoR!\xb6=&8E(!0Q}
xortool_out/285.out;0Z\'J\x7f\x10F(S;A.QR#lmQv($>?S{3c4o\\#6:I0"-{>d\x08QbMn%Oo=!\xb6=&8E(!0Q}
xortool_out/286.out;0Z\'J\x7f\x10F(S;A.QR#lmQ3($>?S{3c4o\\#6:I0"-{>d\x08QbMn%OoR!\xb6=&8E(!0Q}
xortool_out/287.out;0Z\'J\x7f\x10F(S;A.QR#lmQ3($>?S{3c4o\\#6:I0"-{>d\x08QbMn%Oo=!\xb6=&8E(!0Q}
xortool_out/288.out;1[&K~\x11G)R:@\x2fPS"mlPw)%?>Rz2b5n]"7;H1#,z?e\tPcLo$NnS \xb7<\'9D) 1P|
xortool_out/289.out;1[&K~\x11G)R:@\x2fPS"mlPw)%?>Rz2b5n]"7;H1#,z?e\tPcLo$Nn< \xb7<\'9D) 1P|
xortool_out/290.out;1[&K~\x11G)R:@\x2fPS"mlP2)%?>Rz2b5n]"7;H1#,z?e\tPcLo$NnS \xb7<\'9D) 1P|
xortool_out/291.out;1[&K~\x11G)R:@\x2fPS"mlP2)%?>Rz2b5n]"7;H1#,z?e\tPcLo$Nn< \xb7<\'9D) 1P|
xortool_out/292.out;6\\!Ly\x16@.U=G(WT%jkWp."89U}5e2iZ%0<O6$+}8b\x0eWdKh#IiT\'\xb0; >C.\'6W{
xortool_out/293.out;6\\!Ly\x16@.U=G(WT%jkWp."89U}5e2iZ%0<O6$+}8b\x0eWdKh#Ii;\'\xb0; >C.\'6W{
xortool_out/294.out;6\\!Ly\x16@.U=G(WT%jkW5."89U}5e2iZ%0<O6$+}8b\x0eWdKh#IiT\'\xb0; >C.\'6W{
xortool_out/295.out;6\\!Ly\x16@.U=G(WT%jkW5."89U}5e2iZ%0<O6$+}8b\x0eWdKh#Ii;\'\xb0; >C.\'6W{
xortool_out/296.out;7] Mx\x17A\x2fT<F)VU$kjVq\x2f#98T|4d3h[$1=N7%*|9c\x0fVeJi"HhU&\xb1:!?B\x2f&7Vz
xortool_out/297.out;7] Mx\x17A\x2fT<F)VU$kjVq\x2f#98T|4d3h[$1=N7%*|9c\x0fVeJi"Hh:&\xb1:!?B\x2f&7Vz
xortool_out/298.out;7] Mx\x17A\x2fT<F)VU$kjV4\x2f#98T|4d3h[$1=N7%*|9c\x0fVeJi"HhU&\xb1:!?B\x2f&7Vz
xortool_out/299.out;7] Mx\x17A\x2fT<F)VU$kjV4\x2f#98T|4d3h[$1=N7%*|9c\x0fVeJi"Hh:&\xb1:!?B\x2f&7Vz
xortool_out/300.out;4^#N{\x14B,W?E*UV\'hiUr, :;W\x7f7g0kX\'2>M4&)\x7f:`\x0cUfIj!KkV%\xb29"<A,%4Uy
xortool_out/301.out;4^#N{\x14B,W?E*UV\'hiUr, :;W\x7f7g0kX\'2>M4&)\x7f:`\x0cUfIj!Kk9%\xb29"<A,%4Uy
xortool_out/302.out;4^#N{\x14B,W?E*UV\'hiU7, :;W\x7f7g0kX\'2>M4&)\x7f:`\x0cUfIj!KkV%\xb29"<A,%4Uy
xortool_out/303.out;4^#N{\x14B,W?E*UV\'hiU7, :;W\x7f7g0kX\'2>M4&)\x7f:`\x0cUfIj!Kk9%\xb29"<A,%4Uy
xortool_out/304.out;5_"Oz\x15C-V>D+TW&ihTs-!;:V~6f1jY&3?L5\'(~;a\rTgHk JjW$\xb38#=@-$5Tx
xortool_out/305.out;5_"Oz\x15C-V>D+TW&ihTs-!;:V~6f1jY&3?L5\'(~;a\rTgHk Jj8$\xb38#=@-$5Tx
xortool_out/306.out;5_"Oz\x15C-V>D+TW&ihT6-!;:V~6f1jY&3?L5\'(~;a\rTgHk JjW$\xb38#=@-$5Tx
xortool_out/307.out;5_"Oz\x15C-V>D+TW&ihT6-!;:V~6f1jY&3?L5\'(~;a\rTgHk Jj8$\xb38#=@-$5Tx
xortool_out/308.out; J7Zo\x00V8C+Q>AB3|}Af84.\x2fCk#s$\x7fL3&*Y 2=k.t\x18Ar]~5_\x7fB1\xa6-6(U81 Am
xortool_out/309.out; J7Zo\x00V8C+Q>AB3|}Af84.\x2fCk#s$\x7fL3&*Y 2=k.t\x18Ar]~5_\x7f-1\xa6-6(U81 Am
xortool_out/310.out; J7Zo\x00V8C+Q>AB3|}A#84.\x2fCk#s$\x7fL3&*Y 2=k.t\x18Ar]~5_\x7fB1\xa6-6(U81 Am
xortool_out/311.out; J7Zo\x00V8C+Q>AB3|}A#84.\x2fCk#s$\x7fL3&*Y 2=k.t\x18Ar]~5_\x7f-1\xa6-6(U81 Am
xortool_out/312.out;!K6[n\x01W9B*P?@C2}|@g95\x2f.Bj"r%~M2\'+X!3<j\x2fu\x19@s\\\x7f4^~C0\xa7,7)T90!@l
xortool_out/313.out;!K6[n\x01W9B*P?@C2}|@g95\x2f.Bj"r%~M2\'+X!3<j\x2fu\x19@s\\\x7f4^~,0\xa7,7)T90!@l
xortool_out/314.out;!K6[n\x01W9B*P?@C2}|@"95\x2f.Bj"r%~M2\'+X!3<j\x2fu\x19@s\\\x7f4^~C0\xa7,7)T90!@l
xortool_out/315.out;!K6[n\x01W9B*P?@C2}|@"95\x2f.Bj"r%~M2\'+X!3<j\x2fu\x19@s\\\x7f4^~,0\xa7,7)T90!@l
xortool_out/316.out;&L1\\i\x06P>E-W8GD5z{G`>2()Em%u"yJ5 ,_&4;m(r\x1eGt[x3YyD7\xa0+0.S>7&Gk
xortool_out/317.out;&L1\\i\x06P>E-W8GD5z{G`>2()Em%u"yJ5 ,_&4;m(r\x1eGt[x3Yy+7\xa0+0.S>7&Gk
xortool_out/318.out;&L1\\i\x06P>E-W8GD5z{G%>2()Em%u"yJ5 ,_&4;m(r\x1eGt[x3YyD7\xa0+0.S>7&Gk
xortool_out/319.out;&L1\\i\x06P>E-W8GD5z{G%>2()Em%u"yJ5 ,_&4;m(r\x1eGt[x3Yy+7\xa0+0.S>7&Gk
xortool_out/320.out;'M0]h\x07Q?D,V9FE4{zFa?3)(Dl$t#xK4!-^'5:l)s\x1fFuZy2XxE6\xa1*1\x2fR?6'Fj
xortool_out/321.out;'M0]h\x07Q?D,V9FE4{zFa?3)(Dl$t#xK4!-^'5:l)s\x1fFuZy2Xx*6\xa1*1\x2fR?6'Fj
xortool_out/322.out;'M0]h\x07Q?D,V9FE4{zF$?3)(Dl$t#xK4!-^'5:l)s\x1fFuZy2XxE6\xa1*1\x2fR?6'Fj
xortool_out/323.out;'M0]h\x07Q?D,V9FE4{zF$?3)(Dl$t#xK4!-^'5:l)s\x1fFuZy2Xx*6\xa1*1\x2fR?6'Fj
xortool_out/324.out;$N3^k\x04R<G\x2fU:EF7xyEb<0*+Go\'w {H7".]$69o*p\x1cEvYz1[{F5\xa2)2,Q<5$Ei
xortool_out/325.out;$N3^k\x04R<G\x2fU:EF7xyEb<0*+Go\'w {H7".]$69o*p\x1cEvYz1[{)5\xa2)2,Q<5$Ei
xortool_out/326.out;$N3^k\x04R<G\x2fU:EF7xyE\'<0*+Go\'w {H7".]$69o*p\x1cEvYz1[{F5\xa2)2,Q<5$Ei
xortool_out/327.out;$N3^k\x04R<G\x2fU:EF7xyE\'<0*+Go\'w {H7".]$69o*p\x1cEvYz1[{)5\xa2)2,Q<5$Ei
xortool_out/328.out;%O2_j\x05S=F.T;DG6yxDc=1+*Fn&v!zI6#\x2f\\%78n+q\x1dDwX{0ZzG4\xa3(3-P=4%Dh
xortool_out/329.out;%O2_j\x05S=F.T;DG6yxDc=1+*Fn&v!zI6#\x2f\\%78n+q\x1dDwX{0Zz(4\xa3(3-P=4%Dh
xortool_out/330.out;%O2_j\x05S=F.T;DG6yxD&=1+*Fn&v!zI6#\x2f\\%78n+q\x1dDwX{0ZzG4\xa3(3-P=4%Dh
xortool_out/331.out;%O2_j\x05S=F.T;DG6yxD&=1+*Fn&v!zI6#\x2f\\%78n+q\x1dDwX{0Zz(4\xa3(3-P=4%Dh
xortool_out/332.out;Z0M \x15z,B9Q+D;8I\x06\x07;\x1cBNTU9\x11Y\t^\x056I\\P#ZHG\x11T\x0eb;\x08'\x04O%\x058K\xdcWLR\x2fBKZ;\x17
xortool_out/333.out;Z0M \x15z,B9Q+D;8I\x06\x07;\x1cBNTU9\x11Y\t^\x056I\\P#ZHG\x11T\x0eb;\x08'\x04O%\x05WK\xdcWLR\x2fBKZ;\x17
xortool_out/334.out;Z0M \x15z,B9Q+D;8I\x06\x07;YBNTU9\x11Y\t^\x056I\\P#ZHG\x11T\x0eb;\x08'\x04O%\x058K\xdcWLR\x2fBKZ;\x17
xortool_out/335.out;Z0M \x15z,B9Q+D;8I\x06\x07;YBNTU9\x11Y\t^\x056I\\P#ZHG\x11T\x0eb;\x08'\x04O%\x05WK\xdcWLR\x2fBKZ;\x17
xortool_out/336.out;A+V;\x0ea7Y"J0_ #R\x1d\x1c \x07YUON"\nB\x12E\x1e-RGK8AS\\\nO\x15y \x13<\x1fT>\x1e#P\xc7LWI4YPA \x0c
xortool_out/337.out;A+V;\x0ea7Y"J0_ #R\x1d\x1c \x07YUON"\nB\x12E\x1e-RGK8AS\\\nO\x15y \x13<\x1fT>\x1eLP\xc7LWI4YPA \x0c
xortool_out/338.out;A+V;\x0ea7Y"J0_ #R\x1d\x1c BYUON"\nB\x12E\x1e-RGK8AS\\\nO\x15y \x13<\x1fT>\x1e#P\xc7LWI4YPA \x0c
xortool_out/339.out;A+V;\x0ea7Y"J0_ #R\x1d\x1c BYUON"\nB\x12E\x1e-RGK8AS\\\nO\x15y \x13<\x1fT>\x1eLP\xc7LWI4YPA \x0c
xortool_out/340.out;F,Q<\tf0^%M7X'$U\x1a\x1b'\x00^RHI%\rE\x15B\x19*U@L?FT[\rH\x12~'\x14;\x18S9\x19$W\xc0KPN3^WF'\x0b
xortool_out/341.out;F,Q<\tf0^%M7X'$U\x1a\x1b'\x00^RHI%\rE\x15B\x19*U@L?FT[\rH\x12~'\x14;\x18S9\x19KW\xc0KPN3^WF'\x0b
xortool_out/342.out;F,Q<\tf0^%M7X'$U\x1a\x1b'E^RHI%\rE\x15B\x19*U@L?FT[\rH\x12~'\x14;\x18S9\x19$W\xc0KPN3^WF'\x0b
xortool_out/343.out;F,Q<\tf0^%M7X'$U\x1a\x1b'E^RHI%\rE\x15B\x19*U@L?FT[\rH\x12~'\x14;\x18S9\x19KW\xc0KPN3^WF'\x0b
xortool_out/344.out;G-P=\x08g1_$L6Y&%T\x1b\x1a&\x01_SIH$\x0cD\x14C\x18+TAM>GUZ\x0cI\x13\x7f&\x15:\x19R8\x18%V\xc1JQO2_VG&\n
xortool_out/345.out;G-P=\x08g1_$L6Y&%T\x1b\x1a&\x01_SIH$\x0cD\x14C\x18+TAM>GUZ\x0cI\x13\x7f&\x15:\x19R8\x18JV\xc1JQO2_VG&\n
xortool_out/346.out;G-P=\x08g1_$L6Y&%T\x1b\x1a&D_SIH$\x0cD\x14C\x18+TAM>GUZ\x0cI\x13\x7f&\x15:\x19R8\x18%V\xc1JQO2_VG&\n
xortool_out/347.out;G-P=\x08g1_$L6Y&%T\x1b\x1a&D_SIH$\x0cD\x14C\x18+TAM>GUZ\x0cI\x13\x7f&\x15:\x19R8\x18JV\xc1JQO2_VG&\n
xortool_out/348.out;D.S>\x0bd2\\'O5Z%&W\x18\x19%\x02\\PJK'\x0fG\x17@\x1b(WBN=DVY\x0fJ\x10|%\x169\x1aQ;\x1b&U\xc2IRL1\\UD%\t
xortool_out/349.out;D.S>\x0bd2\\'O5Z%&W\x18\x19%\x02\\PJK'\x0fG\x17@\x1b(WBN=DVY\x0fJ\x10|%\x169\x1aQ;\x1bIU\xc2IRL1\\UD%\t
xortool_out/350.out;D.S>\x0bd2\\'O5Z%&W\x18\x19%G\\PJK'\x0fG\x17@\x1b(WBN=DVY\x0fJ\x10|%\x169\x1aQ;\x1b&U\xc2IRL1\\UD%\t
xortool_out/351.out;D.S>\x0bd2\\'O5Z%&W\x18\x19%G\\PJK'\x0fG\x17@\x1b(WBN=DVY\x0fJ\x10|%\x169\x1aQ;\x1bIU\xc2IRL1\\UD%\t
xortool_out/352.out;E\x2fR?\ne3]&N4[$'V\x19\x18$\x03]QKJ&\x0eF\x16A\x1a)VCO<EWX\x0eK\x11}$\x178\x1bP:\x1a'T\xc3HSM0]TE$\x08
xortool_out/353.out;E\x2fR?\ne3]&N4[$'V\x19\x18$\x03]QKJ&\x0eF\x16A\x1a)VCO<EWX\x0eK\x11}$\x178\x1bP:\x1aHT\xc3HSM0]TE$\x08
xortool_out/354.out;E\x2fR?\ne3]&N4[$'V\x19\x18$F]QKJ&\x0eF\x16A\x1a)VCO<EWX\x0eK\x11}$\x178\x1bP:\x1a'T\xc3HSM0]TE$\x08
xortool_out/355.out;E\x2fR?\ne3]&N4[$'V\x19\x18$F]QKJ&\x0eF\x16A\x1a)VCO<EWX\x0eK\x11}$\x178\x1bP:\x1aHT\xc3HSM0]TE$\x08
xortool_out/356.out;z\x10m\x005Z\x0cb\x19q\x0bd\x1b\x18i&'\x1b<bntu\x191y)~%\x16i|p\x03zhg1t.B\x1b(\x07$o\x05%\x18k\xfcwlr\x0fbkz\x1b7
xortool_out/357.out;z\x10m\x005Z\x0cb\x19q\x0bd\x1b\x18i&'\x1b<bntu\x191y)~%\x16i|p\x03zhg1t.B\x1b(\x07$o\x05%wk\xfcwlr\x0fbkz\x1b7
xortool_out/358.out;z\x10m\x005Z\x0cb\x19q\x0bd\x1b\x18i&'\x1bybntu\x191y)~%\x16i|p\x03zhg1t.B\x1b(\x07$o\x05%\x18k\xfcwlr\x0fbkz\x1b7
xortool_out/359.out;z\x10m\x005Z\x0cb\x19q\x0bd\x1b\x18i&'\x1bybntu\x191y)~%\x16i|p\x03zhg1t.B\x1b(\x07$o\x05%wk\xfcwlr\x0fbkz\x1b7
xortool_out/360.out;a\x0bv\x1b.A\x17y\x02j\x10\x7f\x00\x03r=<\x00'yuon\x02*b2e>\rrgk\x18as|*o5Y\x003\x1c?t\x1e>\x03p\xe7lwi\x14ypa\x00,
xortool_out/361.out;a\x0bv\x1b.A\x17y\x02j\x10\x7f\x00\x03r=<\x00'yuon\x02*b2e>\rrgk\x18as|*o5Y\x003\x1c?t\x1e>lp\xe7lwi\x14ypa\x00,
xortool_out/362.out;a\x0bv\x1b.A\x17y\x02j\x10\x7f\x00\x03r=<\x00byuon\x02*b2e>\rrgk\x18as|*o5Y\x003\x1c?t\x1e>\x03p\xe7lwi\x14ypa\x00,
xortool_out/363.out;a\x0bv\x1b.A\x17y\x02j\x10\x7f\x00\x03r=<\x00byuon\x02*b2e>\rrgk\x18as|*o5Y\x003\x1c?t\x1e>lp\xe7lwi\x14ypa\x00,
xortool_out/364.out;f\x0cq\x1c)F\x10~\x05m\x17x\x07\x04u:;\x07 ~rhi\x05-e5b9\nu`l\x1fft{-h2^\x074\x1b8s\x199\x04w\xe0kpn\x13~wf\x07+
xortool_out/365.out;f\x0cq\x1c)F\x10~\x05m\x17x\x07\x04u:;\x07 ~rhi\x05-e5b9\nu`l\x1fft{-h2^\x074\x1b8s\x199kw\xe0kpn\x13~wf\x07+
xortool_out/366.out;f\x0cq\x1c)F\x10~\x05m\x17x\x07\x04u:;\x07e~rhi\x05-e5b9\nu`l\x1fft{-h2^\x074\x1b8s\x199\x04w\xe0kpn\x13~wf\x07+
xortool_out/367.out;f\x0cq\x1c)F\x10~\x05m\x17x\x07\x04u:;\x07e~rhi\x05-e5b9\nu`l\x1fft{-h2^\x074\x1b8s\x199kw\xe0kpn\x13~wf\x07+
xortool_out/368.out;g\rp\x1d(G\x11\x7f\x04l\x16y\x06\x05t;:\x06!\x7fsih\x04,d4c8\x0btam\x1eguz,i3_\x065\x1a9r\x188\x05v\xe1jqo\x12\x7fvg\x06*
xortool_out/369.out;g\rp\x1d(G\x11\x7f\x04l\x16y\x06\x05t;:\x06!\x7fsih\x04,d4c8\x0btam\x1eguz,i3_\x065\x1a9r\x188jv\xe1jqo\x12\x7fvg\x06*
xortool_out/370.out;g\rp\x1d(G\x11\x7f\x04l\x16y\x06\x05t;:\x06d\x7fsih\x04,d4c8\x0btam\x1eguz,i3_\x065\x1a9r\x188\x05v\xe1jqo\x12\x7fvg\x06*
xortool_out/371.out;g\rp\x1d(G\x11\x7f\x04l\x16y\x06\x05t;:\x06d\x7fsih\x04,d4c8\x0btam\x1eguz,i3_\x065\x1a9r\x188jv\xe1jqo\x12\x7fvg\x06*
xortool_out/372.out;d\x0es\x1e+D\x12|\x07o\x15z\x05\x06w89\x05"|pjk\x07\x2fg7`;\x08wbn\x1ddvy\x2fj0\\\x056\x19:q\x1b;\x06u\xe2irl\x11|ud\x05)
xortool_out/373.out;d\x0es\x1e+D\x12|\x07o\x15z\x05\x06w89\x05"|pjk\x07\x2fg7`;\x08wbn\x1ddvy\x2fj0\\\x056\x19:q\x1b;iu\xe2irl\x11|ud\x05)
xortool_out/374.out;d\x0es\x1e+D\x12|\x07o\x15z\x05\x06w89\x05g|pjk\x07\x2fg7`;\x08wbn\x1ddvy\x2fj0\\\x056\x19:q\x1b;\x06u\xe2irl\x11|ud\x05)
xortool_out/375.out;d\x0es\x1e+D\x12|\x07o\x15z\x05\x06w89\x05g|pjk\x07\x2fg7`;\x08wbn\x1ddvy\x2fj0\\\x056\x19:q\x1b;iu\xe2irl\x11|ud\x05)
xortool_out/376.out;:P-@u\x1aL"Y1K$[X)fg[|".45Yq9i>eV)<0C:(\'q4n\x02[hGd\x2fEeX+\xbc7,2O"+:[w
xortool_out/377.out;:P-@u\x1aL"Y1K$[X)fg[|".45Yq9i>eV)<0C:(\'q4n\x02[hGd\x2fEe7+\xbc7,2O"+:[w
xortool_out/378.out;:P-@u\x1aL"Y1K$[X)fg[9".45Yq9i>eV)<0C:(\'q4n\x02[hGd\x2fEeX+\xbc7,2O"+:[w
xortool_out/379.out;:P-@u\x1aL"Y1K$[X)fg[9".45Yq9i>eV)<0C:(\'q4n\x02[hGd\x2fEe7+\xbc7,2O"+:[w
xortool_out/380.out;\x13y\x04i\\3e\x0bp\x18b\rrq\x00ONrU\x0b\x07\x1d\x1cpX\x10@\x17L\x7f\x00\x15\x19j\x13\x01\x0eX\x1dG+rAnM\x06lLq\x02\x95\x1e\x05\x1bf\x0b\x02\x13r^
xortool_out/381.out;\x13y\x04i\\3e\x0bp\x18b\rrq\x00ONrU\x0b\x07\x1d\x1cpX\x10@\x17L\x7f\x00\x15\x19j\x13\x01\x0eX\x1dG+rAnM\x06lL\x1e\x02\x95\x1e\x05\x1bf\x0b\x02\x13r^
xortool_out/382.out;\x13y\x04i\\3e\x0bp\x18b\rrq\x00ONr\x10\x0b\x07\x1d\x1cpX\x10@\x17L\x7f\x00\x15\x19j\x13\x01\x0eX\x1dG+rAnM\x06lLq\x02\x95\x1e\x05\x1bf\x0b\x02\x13r^
xortool_out/383.out;\x13y\x04i\\3e\x0bp\x18b\rrq\x00ONr\x10\x0b\x07\x1d\x1cpX\x10@\x17L\x7f\x00\x15\x19j\x13\x01\x0eX\x1dG+rAnM\x06lL\x1e\x02\x95\x1e\x05\x1bf\x0b\x02\x13r^
xortool_out/384.out;\x10z\x07j_0f\x08s\x1ba\x0eqr\x03LMqV\x08\x04\x1e\x1fs[\x13C\x14O|\x03\x16\x1ai\x10\x02\r[\x1eD(qBmN\x05oOr\x01\x96\x1d\x06\x18e\x08\x01\x10q]
xortool_out/385.out;\x10z\x07j_0f\x08s\x1ba\x0eqr\x03LMqV\x08\x04\x1e\x1fs[\x13C\x14O|\x03\x16\x1ai\x10\x02\r[\x1eD(qBmN\x05oO\x1d\x01\x96\x1d\x06\x18e\x08\x01\x10q]
xortool_out/386.out;\x10z\x07j_0f\x08s\x1ba\x0eqr\x03LMq\x13\x08\x04\x1e\x1fs[\x13C\x14O|\x03\x16\x1ai\x10\x02\r[\x1eD(qBmN\x05oOr\x01\x96\x1d\x06\x18e\x08\x01\x10q]
xortool_out/387.out;\x10z\x07j_0f\x08s\x1ba\x0eqr\x03LMq\x13\x08\x04\x1e\x1fs[\x13C\x14O|\x03\x16\x1ai\x10\x02\r[\x1eD(qBmN\x05oO\x1d\x01\x96\x1d\x06\x18e\x08\x01\x10q]
xortool_out/388.out;\x17}\x00mX7a\x0ft\x1cf\tvu\x04KJvQ\x0f\x03\x19\x18t\\\x14D\x13H{\x04\x11\x1dn\x17\x05\n\\\x19C\x2fvEjI\x02hHu\x06\x91\x1a\x01\x1fb\x0f\x06\x17vZ
xortool_out/389.out;\x17}\x00mX7a\x0ft\x1cf\tvu\x04KJvQ\x0f\x03\x19\x18t\\\x14D\x13H{\x04\x11\x1dn\x17\x05\n\\\x19C\x2fvEjI\x02hH\x1a\x06\x91\x1a\x01\x1fb\x0f\x06\x17vZ
xortool_out/390.out;\x17}\x00mX7a\x0ft\x1cf\tvu\x04KJv\x14\x0f\x03\x19\x18t\\\x14D\x13H{\x04\x11\x1dn\x17\x05\n\\\x19C\x2fvEjI\x02hHu\x06\x91\x1a\x01\x1fb\x0f\x06\x17vZ
xortool_out/391.out;\x17}\x00mX7a\x0ft\x1cf\tvu\x04KJv\x14\x0f\x03\x19\x18t\\\x14D\x13H{\x04\x11\x1dn\x17\x05\n\\\x19C\x2fvEjI\x02hH\x1a\x06\x91\x1a\x01\x1fb\x0f\x06\x17vZ
xortool_out/392.out;\x11{\x06k^1g\tr\x1a`\x0fps\x02MLpW\t\x05\x1f\x1erZ\x12B\x15N}\x02\x17\x1bh\x11\x03\x0cZ\x1fE)pClO\x04nNs\x00\x97\x1c\x07\x19d\t\x00\x11p\\
xortool_out/393.out;\x11{\x06k^1g\tr\x1a`\x0fps\x02MLpW\t\x05\x1f\x1erZ\x12B\x15N}\x02\x17\x1bh\x11\x03\x0cZ\x1fE)pClO\x04nN\x1c\x00\x97\x1c\x07\x19d\t\x00\x11p\\
xortool_out/394.out;\x11{\x06k^1g\tr\x1a`\x0fps\x02MLp\x12\t\x05\x1f\x1erZ\x12B\x15N}\x02\x17\x1bh\x11\x03\x0cZ\x1fE)pClO\x04nNs\x00\x97\x1c\x07\x19d\t\x00\x11p\\
xortool_out/395.out;\x11{\x06k^1g\tr\x1a`\x0fps\x02MLp\x12\t\x05\x1f\x1erZ\x12B\x15N}\x02\x17\x1bh\x11\x03\x0cZ\x1fE)pClO\x04nN\x1c\x00\x97\x1c\x07\x19d\t\x00\x11p\\
xortool_out/396.out;\x16|\x01lY6`\x0eu\x1dg\x08wt\x05JKwP\x0e\x02\x18\x19u]\x15E\x12Iz\x05\x10\x1co\x16\x04\x0b]\x18B.wDkH\x03iIt\x07\x90\x1b\x00\x1ec\x0e\x07\x16w[
xortool_out/397.out;\x16|\x01lY6`\x0eu\x1dg\x08wt\x05JKwP\x0e\x02\x18\x19u]\x15E\x12Iz\x05\x10\x1co\x16\x04\x0b]\x18B.wDkH\x03iI\x1b\x07\x90\x1b\x00\x1ec\x0e\x07\x16w[
xortool_out/398.out;\x16|\x01lY6`\x0eu\x1dg\x08wt\x05JKw\x15\x0e\x02\x18\x19u]\x15E\x12Iz\x05\x10\x1co\x16\x04\x0b]\x18B.wDkH\x03iIt\x07\x90\x1b\x00\x1ec\x0e\x07\x16w[
xortool_out/399.out;\x16|\x01lY6`\x0eu\x1dg\x08wt\x05JKw\x15\x0e\x02\x18\x19u]\x15E\x12Iz\x05\x10\x1co\x16\x04\x0b]\x18B.wDkH\x03iI\x1b\x07\x90\x1b\x00\x1ec\x0e\x07\x16w[
